"url","slug","title"
"https://www.linkedin.com/kaushal_khodifad","82VSnI",""
"https://www.linkedin.com/kaushal_khodifad","izqttQ",""
"https://www.linkedin.com/kaushal_khodifad","Bx5IeP",""
"https://www.linkedin.com/in/kaushal-khodifad/","wmfbzb",""
"https://ajiio.in/fSx0pdR","q0sex1",""
"https://www.linkedin.com/kaushal_khodifad","55ho0J",""
"https://vkglobalexport.com/contact.php","FZVESa",""
"https://www.linkedin.com/kaushal_khodifad","p2qfKF",""
"https://www.linkedin.com/in/kaushal-khodifad/","FU7U84",""
"https://aarambhfoodexport.com/","d0993bb3",""
"https://www.linkedin.com/in/kaushal-khodifad/","jMqWFL",""
"https://www.instagram.com/nileshkhimani11?igsh=MTg2ZW1tanpqYTVudg==","chbfBD",""
"https://www.bigdatalogin.com","CXethO",""
"https://biizline.com/","K6ySXM",""
"https://sexboobs.com","V02R4v",""
"https://www.instagram.com/","bffk5z",""
"https://www.wne3.com/","UWwiJb",""
"https://www.google.com/search?q=price+history&sca_esv=2d88214d4b99b962&sxsrf=ANbL-n5Ob-MFEOkw0_FP5v4b6fSAWmlQzw%3A1771578692624&source=hp&ei=RCWYaeHHI4jr1e8Ps6zD2Ak&iflsig=AFdpzrgAAAAAaZgzVHG8rUD7fBg1s7xo1tUP2_5r5gVL&oq=price&gs_lp=Egdnd3Mtd2l6IgVwcmljZSoCCAAyChAjGIAEGCcYigUyERAuGIAEGJECGNEDGMcBGIoFMhEQLhiABBiRAhjHARiKBRivATINEAAYgAQYsQMYQxiKBTIKEAAYgAQYQxiKBTIIEAAYgAQYsQMyDhAAGIAEGLEDGIMBGIoFMggQABiABBixAzILEAAYgAQYsQMYgwEyCBAAGIAEGLEDSPMPUABYnQVwAHgAkAEAmAH_AaAB-wiqAQUwLjEuNLgBA8gBAPgBAZgCBaACmQnCAhAQLhiABBjRAxhDGMcBGIoFwgIEECMYJ8ICCxAAGIAEGJECGIoFwgIFEAAYgATCAggQLhiABBixA8ICCxAAGIAEGLEDGIoFmAMAkgcDMi01oAeAPLIHAzItNbgHmQnCBwcwLjEuMy4xyAcVgAgA","IV8i48",""
"https://www.google.com/search?q=price+history&sca_esv=2d88214d4b99b962&sxsrf=ANbL-n5Ob-MFEOkw0_FP5v4b6fSAWmlQzw%3A1771578692624&source=hp&ei=RCWYaeHHI4jr1e8Ps6zD2Ak&iflsig=AFdpzrgAAAAAaZgzVHG8rUD7fBg1s7xo1tUP2_5r5gVL&oq=price&gs_lp=Egdnd3Mtd2l6IgVwcmljZSoCCAAyChAjGIAEGCcYigUyERAuGIAEGJECGNEDGMcBGIoFMhEQLhiABBiRAhjHARiKBRivATINEAAYgAQYsQMYQxiKBTIKEAAYgAQYQxiKBTIIEAAYgAQYsQMyDhAAGIAEGLEDGIMBGIoFMggQABiABBixAzILEAAYgAQYsQMYgwEyCBAAGIAEGLEDSPMPUABYnQVwAHgAkAEAmAH_AaAB-wiqAQUwLjEuNLgBA8gBAPgBAZgCBaACmQnCAhAQLhiABBjRAxhDGMcBGIoFwgIEECMYJ8ICCxAAGIAEGJECGIoFwgIFEAAYgATCAggQLhiABBixA8ICCxAAGIAEGLEDGIoFmAMAkgcDMi01oAeAPLIHAzItNbgHmQnCBwcwLjEuMy4xyAcVgAgA","g5AN2N",""
"https://shop.heromotocorp.com/en/","SOzJff",""
"https://fattyurl.com/","cb88583f",""
"https://fattyurl.com/","xPeNsn",""
"https://weather.com/weather/hourbyhour/l/265c04b1d670fe4a3b8f3f3b770c8f76534c65c3c17604d509923ddc8b807d48","R49wg8",""
"https://www.isna.ir/news/1404030200720/%D8%B9%D8%B1%D8%A7%D9%82%DA%86%DB%8C-%DB%8C%DA%A9%DB%8C-%D8%A7%D8%B2-%D8%AD%D8%B1%D9%81%D9%87-%D8%A7%DB%8C-%D8%AA%D8%B1%DB%8C%D9%86-%D8%A7%D8%AF%D9%88%D8%A7%D8%B1-%D9%85%D8%B0%D8%A7%DA%A9%D8%B1%D8%A7%D8%AA%DB%8C-%D8%B1%D8%A7-%D8%AF%D8%B1-%D8%B1%D9%85-%D8%AF%D8%A7%D8%B4%D8%AA%DB%8C%D9%85","efbd3ab9-5747-4ef5-be6f-443d7655771a",""
"https://share.google/nWJzNf7oBffMIboPk","EZ5Mx1",""
"https://docs.google.com/spreadsheets/d/1afkP31p46gVhjFUcDqNTc8JZAa3NhYWNjDXKEfuemeE/edit?gid=1674884545#gid=1674884545","1DfU02",""
"https://us04web.zoom.us/j/76200848007?pwd=E2Yu7w1e6tAXkG7s6c8a6pLY3UkwVa.1","hyY0D3",""
"https://yash.com","XZxAue",""
"https://www.tinyscript.in/","JRBCBF",""
"https://orocorp.in/admin","jkLfkB",""
"https://app.procuzy.com/inventory/manage?tab=/products-list&page=1&limit=10&keyword=travel&sort_by=alter_id_desc&department_id=466&filter_id=system_default","SZ1ZOO",""
"https://google.com","CcQTy4",""
"https://bazoocam.org/chat/?lang=en","agM2vb",""
"https://amzn.in/d/5QWBJJS","g82qTt",""
"https://www.canva.com/design/DAG6cb2JJfk/HZd6mZo9VxoG4YTQszsXFQ/edit?continue_in_browser=true","8sYiem",""
"http://www.basilfoodexport.com","1orkQH",""
"https://linkedIn.com","QSWzgT",""
"https://www.google.com/search?q=redmi+note+12+combo+hyperos+stuck&oq=&gs_lcrp=EgZjaHJvbWUqCQgFEEUYOxjCAzIJCAAQRRg7GMIDMgkIARBFGDsYwgMyCQgCEEUYOxjCAzIJCAMQRRg7GMIDMgkIBBBFGDsYwgMyCQgFEEUYOxjCAzIJCAYQRRg7GMIDMgkIBxBFGDsYwgMyCQgIEEUYOxjCAzIJCAkQRRg7GMIDMgkIChBFGDsYwgMyCQgLEEUYOxjCAzIJCAwQRRg7GMIDMgkIDRBFGDsYwgMyEQgOEAAYAxhCGI8BGLQCGOoCMhEIDxAAGAMYQhiPARi0AhjqAjIRCBAQABgDGEIYjwEYtAIY6gIyEQgREAAYAxhCGI8BGLQCGOoCMhEIEhAAGAMYQhiPARi0AhjqAtIBBi0xajBqN6gCE7ACAfEFBLSfY1pJBhDxBQS0n2NaSQYQ&client=ms-android-samsung-ga-rev1&sourceid=chrome-mobile&ie=UTF-8#sbfbu=1&pi=redmi%20note%2012%20combo%20hyperos%20stuck","DlWWLz",""
"https://www.linkedin.com/in/harsh-mer623","w4Z3Hi",""
"https://www.producthunt.com/","ekA2Kc",""
"https://fattyurl.com/","YXD2sN",""
"https://www.producthunt.com/products/fatty-url","0kx9Hh",""
"https://Rankved.com","ZFePcG",""
"https://www.saashub.com/fatty-url-status","QwKRxE",""
"https://www.roserunkh.com/da6CpInfShYz_VQWWITmB1c70ysi83Dj_0kMYYz5RAyD2KH_-BaUk0WO_nTLnvd2mOCD0qsv4UEX-3waY3_z7A~~","XE19BC",""
"https://fattyurl.com/UnDBIv","7OHhr8",""
"https://project-osrm.org/docs/v5.24.0/api/#requests","hC3lx2",""
"url","slug","title"
"https://www.linkedin.com/kaushal_khodifad","82VSnI",""
"https://www.linkedin.com/kaushal_khodifad","izqttQ",""
"https://www.linkedin.com/kaushal_khodifad","Bx5IeP",""
"https://www.linkedin.com/in/kaushal-khodifad/","wmfbzb",""
"https://ajiio.in/fSx0pdR","q0sex1",""
"https://www.linkedin.com/kaushal_khodifad","55ho0J",""
"https://vkglobalexport.com/contact.php","FZVESa",""
"https://www.linkedin.com/kaushal-khodifad","p2qfKF",""
"https://www.linkedin.com/in/kaushal-khodifad","FU7U84",""
"https://aarambhfoodexport.com/","dabab??",""
